No,Name,Generation,Type1,Type2,Category
1,Bulbasaur,1,Grass,Poison,Ordinary
2,Ivysaur,1,Grass,Poison,Ordinary
3,Venusaur,1,Grass,Poison,Ordinary
3,Mega Venusaur,1,Grass,Poison,Ordinary
4,Charmander,1,Fire,,Ordinary
5,Charmeleon,1,Fire,,Ordinary
6,Charizard,1,Fire,Flying,Ordinary
6,Mega Charizard X,1,Fire,Dragon,Ordinary
6,Mega Charizard Y,1,Fire,Flying,Ordinary
7,Squirtle,1,Water,,Ordinary
8,Wartortle,1,Water,,Ordinary
9,Blastoise,1,Water,,Ordinary
9,Mega Blastoise,1,Water,,Ordinary
10,Caterpie,1,Bug,,Ordinary
11,Metapod,1,Bug,,Ordinary
12,Butterfree,1,Bug,Flying,Ordinary
13,Weedle,1,Bug,Poison,Ordinary
14,Kakuna,1,Bug,Poison,Ordinary
15,Beedrill,1,Bug,Poison,Ordinary
15,Mega Beedrill,1,Bug,Poison,Ordinary
16,Pidgey,1,Normal,Flying,Ordinary
17,Pidgeotto,1,Normal,Flying,Ordinary
18,Pidgeot,1,Normal,Flying,Ordinary
18,Mega Pidgeot,1,Normal,Flying,Ordinary
19,Rattata,1,Normal,,Ordinary
19,Alolan Rattata,7,Dark,Normal,Ordinary
20,Raticate,1,Normal,,Ordinary
20,Alolan Raticate,7,Dark,Normal,Ordinary
21,Spearow,1,Normal,Flying,Ordinary
22,Fearow,1,Normal,Flying,Ordinary
23,Ekans,1,Poison,,Ordinary
24,Arbok,1,Poison,,Ordinary
25,Pikachu,1,Electric,,Ordinary
26,Raichu,1,Electric,,Ordinary
26,Alolan Raichu,7,Electric,Psychic,Ordinary
27,Sandshrew,1,Ground,,Ordinary
27,Alolan Sandshrew,7,Ice,Steel,Ordinary
28,Sandslash,1,Ground,,Ordinary
28,Alolan Sandslash,7,Ice,Steel,Ordinary
29,Nidoran F,1,Poison,,Ordinary
30,Nidorina,1,Poison,,Ordinary
31,Nidoqueen,1,Poison,Ground,Ordinary
32,Nidoran M,1,Poison,,Ordinary
33,Nidorino,1,Poison,,Ordinary
34,Nidoking,1,Poison,Ground,Ordinary
35,Clefairy,1,Fairy,,Ordinary
36,Clefable,1,Fairy,,Ordinary
37,Vulpix,1,Fire,,Ordinary
37,Alolan Vulpix,7,Ice,,Ordinary
38,Ninetales,1,Fire,,Ordinary
38,Alolan Ninetales,7,Ice,Fairy,Ordinary
39,Jigglypuff,1,Normal,Fairy,Ordinary
40,Wigglytuff,1,Normal,Fairy,Ordinary
41,Zubat,1,Poison,Flying,Ordinary
42,Golbat,1,Poison,Flying,Ordinary
43,Oddish,1,Grass,Poison,Ordinary
44,Gloom,1,Grass,Poison,Ordinary
45,Vileplume,1,Grass,Poison,Ordinary
46,Paras,1,Bug,Grass,Ordinary
47,Parasect,1,Bug,Grass,Ordinary
48,Venonat,1,Bug,Poison,Ordinary
49,Venomoth,1,Bug,Poison,Ordinary
50,Diglett,1,Ground,,Ordinary
50,Alolan Diglett,7,Ground,Steel,Ordinary
51,Dugtrio,1,Ground,,Ordinary
51,Alolan Dugtrio,7,Ground,Steel,Ordinary
52,Meowth,1,Normal,,Ordinary
52,Alolan Meowth,7,Dark,,Ordinary
52,Galarian Meowth,8,Steel,,Ordinary
53,Persian,1,Normal,,Ordinary
53,Alolan Persian,7,Dark,,Ordinary
54,Psyduck,1,Water,,Ordinary
55,Golduck,1,Water,,Ordinary
56,Mankey,1,Fighting,,Ordinary
57,Primeape,1,Fighting,,Ordinary
58,Growlithe,1,Fire,,Ordinary
58,Hisuian Growlithe,8,Fire,Rock,Ordinary
59,Arcanine,1,Fire,,Ordinary
59,Hisuian Arcanine,8,Fire,Rock,Ordinary
60,Poliwag,1,Water,,Ordinary
61,Poliwhirl,1,Water,,Ordinary
62,Poliwrath,1,Water,Fighting,Ordinary
63,Abra,1,Psychic,,Ordinary
64,Kadabra,1,Psychic,,Ordinary
65,Alakazam,1,Psychic,,Ordinary
65,Mega Alakazam,1,Psychic,,Ordinary
66,Machop,1,Fighting,,Ordinary
67,Machoke,1,Fighting,,Ordinary
68,Machamp,1,Fighting,,Ordinary
69,Bellsprout,1,Grass,Poison,Ordinary
70,Weepinbell,1,Grass,Poison,Ordinary
71,Victreebel,1,Grass,Poison,Ordinary
72,Tentacool,1,Water,Poison,Ordinary
73,Tentacruel,1,Water,Poison,Ordinary
74,Geodude,1,Rock,Ground,Ordinary
74,Alolan Geodude,7,Rock,Electric,Ordinary
75,Graveler,1,Rock,Ground,Ordinary
75,Alolan Graveler,7,Rock,Electric,Ordinary
76,Golem,1,Rock,Ground,Ordinary
76,Alolan Golem,7,Rock,Electric,Ordinary
77,Ponyta,1,Fire,,Ordinary
77,Galarian Ponyta,8,Psychic,,Ordinary
78,Rapidash,1,Fire,,Ordinary
78,Galarian Rapidash,8,Psychic,Fairy,Ordinary
79,Slowpoke,1,Water,Psychic,Ordinary
79,Galarian Slowpoke,8,Psychic,,Ordinary
80,Slowbro,1,Water,Psychic,Ordinary
80,Galarian Slowbro,8,Poison,Psychic,Ordinary
80,Mega Slowbro,1,Water,Psychic,Ordinary
81,Magnemite,1,Electric,Steel,Ordinary
82,Magneton,1,Electric,Steel,Ordinary
83,Farfetch'd,1,Normal,Flying,Ordinary
83,Galarian Farfetch'd,8,Fighting,,Ordinary
84,Doduo,1,Normal,Flying,Ordinary
85,Dodrio,1,Normal,Flying,Ordinary
86,Seel,1,Water,,Ordinary
87,Dewgong,1,Water,Ice,Ordinary
88,Grimer,1,Poison,,Ordinary
88,Alolan Grimer,7,Poison,Dark,Ordinary
89,Muk,1,Poison,,Ordinary
89,Alolan Muk,7,Poison,Dark,Ordinary
90,Shellder,1,Water,,Ordinary
91,Cloyster,1,Water,Ice,Ordinary
92,Gastly,1,Ghost,Poison,Ordinary
93,Haunter,1,Ghost,Poison,Ordinary
94,Gengar,1,Ghost,Poison,Ordinary
94,Mega Gengar,1,Ghost,Poison,Ordinary
95,Onix,1,Rock,Ground,Ordinary
96,Drowzee,1,Psychic,,Ordinary
97,Hypno,1,Psychic,,Ordinary
98,Krabby,1,Water,,Ordinary
99,Kingler,1,Water,,Ordinary
100,Voltorb,1,Electric,,Ordinary
100,Hisuian Voltorb,8,Electric,Grass,Ordinary
101,Electrode,1,Electric,,Ordinary
101,Hisuian Electrode,8,Electric,Grass,Ordinary
102,Exeggcute,1,Grass,Psychic,Ordinary
103,Exeggutor,1,Grass,Psychic,Ordinary
103,Alolan Exeggutor,7,Grass,Dragon,Ordinary
104,Cubone,1,Ground,,Ordinary
105,Marowak,1,Ground,,Ordinary
105,Alolan Marowak,7,Fire,Ghost,Ordinary
106,Hitmonlee,1,Fighting,,Ordinary
107,Hitmonchan,1,Fighting,,Ordinary
108,Lickitung,1,Normal,,Ordinary
109,Koffing,1,Poison,,Ordinary
110,Weezing,1,Poison,,Ordinary
110,Galarian Weezing,8,Poison,Fairy,Ordinary
111,Rhyhorn,1,Ground,Rock,Ordinary
112,Rhydon,1,Ground,Rock,Ordinary
113,Chansey,1,Normal,,Ordinary
114,Tangela,1,Grass,,Ordinary
115,Kangaskhan,1,Normal,,Ordinary
115,Mega Kangaskhan,1,Normal,,Ordinary
116,Horsea,1,Water,,Ordinary
117,Seadra,1,Water,,Ordinary
118,Goldeen,1,Water,,Ordinary
119,Seaking,1,Water,,Ordinary
120,Staryu,1,Water,,Ordinary
121,Starmie,1,Water,Psychic,Ordinary
122,Mr. Mime,1,Psychic,Fairy,Ordinary
122,Galarian Mr. Mime,8,Ice,Psychic,Ordinary
123,Scyther,1,Bug,Flying,Ordinary
124,Jynx,1,Ice,Psychic,Ordinary
125,Electabuzz,1,Electric,,Ordinary
126,Magmar,1,Fire,,Ordinary
127,Pinsir,1,Bug,,Ordinary
127,Mega Pinsir,1,Bug,Flying,Ordinary
128,Tauros,1,Normal,,Ordinary
128,Paldean Tauros Combat Breed,1,Fighting,,Ordinary
128,Paldean Tauros Blaze Breed,9,Fighting,Fire,Ordinary
128,Paldean Tauros Aqua Breed,9,Fighting,Water,Ordinary
129,Magikarp,1,Water,,Ordinary
130,Gyarados,1,Water,Flying,Ordinary
130,Mega Gyarados,1,Water,Dark,Ordinary
131,Lapras,1,Water,Ice,Ordinary
132,Ditto,1,Normal,,Ordinary
133,Eevee,1,Normal,,Ordinary
134,Vaporeon,1,Water,,Ordinary
135,Jolteon,1,Electric,,Ordinary
136,Flareon,1,Fire,,Ordinary
137,Porygon,1,Normal,,Ordinary
138,Omanyte,1,Rock,Water,Ordinary
139,Omastar,1,Rock,Water,Ordinary
140,Kabuto,1,Rock,Water,Ordinary
141,Kabutops,1,Rock,Water,Ordinary
142,Aerodactyl,1,Rock,Flying,Ordinary
142,Mega Aerodactyl,1,Rock,Flying,Ordinary
143,Snorlax,1,Normal,,Ordinary
144,Articuno,1,Ice,Flying,Semi-Legendary
144,Galarian Articuno,8,Psychic,Flying,Semi-Legendary
145,Zapdos,1,Electric,Flying,Semi-Legendary
145,Galarian Zapdos,8,Fighting,Flying,Semi-Legendary
146,Moltres,1,Fire,Flying,Semi-Legendary
146,Galarian Moltres,8,Dark,Flying,Semi-Legendary
147,Dratini,1,Dragon,,Ordinary
148,Dragonair,1,Dragon,,Ordinary
149,Dragonite,1,Dragon,Flying,Ordinary
150,Mewtwo,1,Psychic,,Legendary
150,Mega Mewtwo X,1,Psychic,Fighting,Legendary
150,Mega Mewtwo Y,1,Psychic,,Legendary
151,Mew,1,Psychic,,Mythical
152,Chikorita,2,Grass,,Ordinary
153,Bayleef,2,Grass,,Ordinary
154,Meganium,2,Grass,,Ordinary
155,Cyndaquil,2,Fire,,Ordinary
156,Quilava,2,Fire,,Ordinary
157,Typhlosion,2,Fire,,Ordinary
157,Hisuian Typhlosion,8,Fire,Ghost,Ordinary
158,Totodile,2,Water,,Ordinary
159,Croconaw,2,Water,,Ordinary
160,Feraligatr,2,Water,,Ordinary
161,Sentret,2,Normal,,Ordinary
162,Furret,2,Normal,,Ordinary
163,Hoothoot,2,Normal,Flying,Ordinary
164,Noctowl,2,Normal,Flying,Ordinary
165,Ledyba,2,Bug,Flying,Ordinary
166,Ledian,2,Bug,Flying,Ordinary
167,Spinarak,2,Bug,Poison,Ordinary
168,Ariados,2,Bug,Poison,Ordinary
169,Crobat,2,Poison,Flying,Ordinary
170,Chinchou,2,Water,Electric,Ordinary
171,Lanturn,2,Water,Electric,Ordinary
172,Pichu,2,Electric,,Ordinary
173,Cleffa,2,Fairy,,Ordinary
174,Igglybuff,2,Normal,Fairy,Ordinary
175,Togepi,2,Fairy,,Ordinary
176,Togetic,2,Fairy,Flying,Ordinary
177,Natu,2,Psychic,Flying,Ordinary
178,Xatu,2,Psychic,Flying,Ordinary
179,Mareep,2,Electric,,Ordinary
180,Flaaffy,2,Electric,,Ordinary
181,Ampharos,2,Electric,,Ordinary
181,Mega Ampharos,2,Electric,Dragon,Ordinary
182,Bellossom,2,Grass,,Ordinary
183,Marill,2,Water,Fairy,Ordinary
184,Azumarill,2,Water,Fairy,Ordinary
185,Sudowoodo,2,Rock,,Ordinary
186,Politoed,2,Water,,Ordinary
187,Hoppip,2,Grass,Flying,Ordinary
188,Skiploom,2,Grass,Flying,Ordinary
189,Jumpluff,2,Grass,Flying,Ordinary
190,Aipom,2,Normal,,Ordinary
191,Sunkern,2,Grass,,Ordinary
192,Sunflora,2,Grass,,Ordinary
193,Yanma,2,Bug,Flying,Ordinary
194,Paldean Wooper,9,Poison,Ground,Ordinary
194,Wooper,2,Water,Ground,Ordinary
195,Quagsire,2,Water,Ground,Ordinary
196,Espeon,2,Psychic,,Ordinary
197,Umbreon,2,Dark,,Ordinary
198,Murkrow,2,Dark,Flying,Ordinary
199,Slowking,2,Water,Psychic,Ordinary
199,Galarian Slowking,8,Poison,Psychic,Ordinary
200,Misdreavus,2,Ghost,,Ordinary
201,Unown,2,Psychic,,Ordinary
202,Wobbuffet,2,Psychic,,Ordinary
203,Girafarig,2,Normal,Psychic,Ordinary
204,Pineco,2,Bug,,Ordinary
205,Forretress,2,Bug,Steel,Ordinary
206,Dunsparce,2,Normal,,Ordinary
207,Gligar,2,Ground,Flying,Ordinary
208,Steelix,2,Steel,Ground,Ordinary
208,Mega Steelix,2,Steel,Ground,Ordinary
209,Snubbull,2,Fairy,,Ordinary
210,Granbull,2,Fairy,,Ordinary
211,Qwilfish,2,Water,Poison,Ordinary
211,Hisuian Qwilfish,8,Dark,Poison,Ordinary
212,Scizor,2,Bug,Steel,Ordinary
212,Mega Scizor,2,Bug,Steel,Ordinary
213,Shuckle,2,Bug,Rock,Ordinary
214,Heracross,2,Bug,Fighting,Ordinary
214,Mega Heracross,2,Bug,Fighting,Ordinary
215,Sneasel,2,Dark,Ice,Ordinary
215,Hisuian Sneasel,8,Fighting,Poison,Ordinary
216,Teddiursa,2,Normal,,Ordinary
217,Ursaring,2,Normal,,Ordinary
218,Slugma,2,Fire,,Ordinary
219,Magcargo,2,Fire,Rock,Ordinary
220,Swinub,2,Ice,Ground,Ordinary
221,Piloswine,2,Ice,Ground,Ordinary
222,Corsola,2,Water,Rock,Ordinary
222,Galarian Corsola,8,Ghost,,Ordinary
223,Remoraid,2,Water,,Ordinary
224,Octillery,2,Water,,Ordinary
225,Delibird,2,Ice,Flying,Ordinary
226,Mantine,2,Water,Flying,Ordinary
227,Skarmory,2,Steel,Flying,Ordinary
228,Houndour,2,Dark,Fire,Ordinary
229,Houndoom,2,Dark,Fire,Ordinary
229,Mega Houndoom,2,Dark,Fire,Ordinary
230,Kingdra,2,Water,Dragon,Ordinary
231,Phanpy,2,Ground,,Ordinary
232,Donphan,2,Ground,,Ordinary
233,Porygon2,2,Normal,,Ordinary
234,Stantler,2,Normal,,Ordinary
235,Smeargle,2,Normal,,Ordinary
236,Tyrogue,2,Fighting,,Ordinary
237,Hitmontop,2,Fighting,,Ordinary
238,Smoochum,2,Ice,Psychic,Ordinary
239,Elekid,2,Electric,,Ordinary
240,Magby,2,Fire,,Ordinary
241,Miltank,2,Normal,,Ordinary
242,Blissey,2,Normal,,Ordinary
243,Raikou,2,Electric,,Semi-Legendary
244,Entei,2,Fire,,Semi-Legendary
245,Suicune,2,Water,,Semi-Legendary
246,Larvitar,2,Rock,Ground,Ordinary
247,Pupitar,2,Rock,Ground,Ordinary
248,Tyranitar,2,Rock,Dark,Ordinary
248,Mega Tyranitar,2,Rock,Dark,Ordinary
249,Lugia,2,Psychic,Flying,Legendary
250,Ho-Oh,2,Fire,Flying,Legendary
251,Celebi,2,Psychic,Grass,Mythical
252,Treecko,3,Grass,,Ordinary
253,Grovyle,3,Grass,,Ordinary
254,Sceptile,3,Grass,,Ordinary
254,Mega Sceptile,3,Grass,Dragon,Ordinary
255,Torchic,3,Fire,,Ordinary
256,Combusken,3,Fire,Fighting,Ordinary
257,Blaziken,3,Fire,Fighting,Ordinary
257,Mega Blaziken,3,Fire,Fighting,Ordinary
258,Mudkip,3,Water,,Ordinary
259,Marshtomp,3,Water,Ground,Ordinary
260,Swampert,3,Water,Ground,Ordinary
260,Mega Swampert,3,Water,Ground,Ordinary
261,Poochyena,3,Dark,,Ordinary
262,Mightyena,3,Dark,,Ordinary
263,Zigzagoon,3,Normal,,Ordinary
263,Galarian Zigzagoon,8,Dark,Normal,Ordinary
264,Linoone,3,Normal,,Ordinary
264,Galarian Linoone,8,Dark,Normal,Ordinary
265,Wurmple,3,Bug,,Ordinary
266,Silcoon,3,Bug,,Ordinary
267,Beautifly,3,Bug,Flying,Ordinary
268,Cascoon,3,Bug,,Ordinary
269,Dustox,3,Bug,Poison,Ordinary
270,Lotad,3,Water,Grass,Ordinary
271,Lombre,3,Water,Grass,Ordinary
272,Ludicolo,3,Water,Grass,Ordinary
273,Seedot,3,Grass,,Ordinary
274,Nuzleaf,3,Grass,Dark,Ordinary
275,Shiftry,3,Grass,Dark,Ordinary
276,Taillow,3,Normal,Flying,Ordinary
277,Swellow,3,Normal,Flying,Ordinary
278,Wingull,3,Water,Flying,Ordinary
279,Pelipper,3,Water,Flying,Ordinary
280,Ralts,3,Psychic,Fairy,Ordinary
281,Kirlia,3,Psychic,Fairy,Ordinary
282,Gardevoir,3,Psychic,Fairy,Ordinary
282,Mega Gardevoir,3,Psychic,Fairy,Ordinary
283,Surskit,3,Bug,Water,Ordinary
284,Masquerain,3,Bug,Flying,Ordinary
285,Shroomish,3,Grass,,Ordinary
286,Breloom,3,Grass,Fighting,Ordinary
287,Slakoth,3,Normal,,Ordinary
288,Vigoroth,3,Normal,,Ordinary
289,Slaking,3,Normal,,Ordinary
290,Nincada,3,Bug,Ground,Ordinary
291,Ninjask,3,Bug,Flying,Ordinary
292,Shedinja,3,Bug,Ghost,Ordinary
293,Whismur,3,Normal,,Ordinary
294,Loudred,3,Normal,,Ordinary
295,Exploud,3,Normal,,Ordinary
296,Makuhita,3,Fighting,,Ordinary
297,Hariyama,3,Fighting,,Ordinary
298,Azurill,3,Normal,Fairy,Ordinary
299,Nosepass,3,Rock,,Ordinary
300,Skitty,3,Normal,,Ordinary
301,Delcatty,3,Normal,,Ordinary
302,Sableye,3,Dark,Ghost,Ordinary
302,Mega Sableye,3,Dark,Ghost,Ordinary
303,Mawile,3,Steel,Fairy,Ordinary
303,Mega Mawile,3,Steel,Fairy,Ordinary
304,Aron,3,Steel,Rock,Ordinary
305,Lairon,3,Steel,Rock,Ordinary
306,Aggron,3,Steel,Rock,Ordinary
306,Mega Aggron,3,Steel,,Ordinary
307,Meditite,3,Fighting,Psychic,Ordinary
308,Medicham,3,Fighting,Psychic,Ordinary
308,Mega Medicham,3,Fighting,Psychic,Ordinary
309,Electrike,3,Electric,,Ordinary
310,Manectric,3,Electric,,Ordinary
310,Mega Manectric,3,Electric,,Ordinary
311,Plusle,3,Electric,,Ordinary
312,Minun,3,Electric,,Ordinary
313,Volbeat,3,Bug,,Ordinary
314,Illumise,3,Bug,,Ordinary
315,Roselia,3,Grass,Poison,Ordinary
316,Gulpin,3,Poison,,Ordinary
317,Swalot,3,Poison,,Ordinary
318,Carvanha,3,Water,Dark,Ordinary
319,Sharpedo,3,Water,Dark,Ordinary
319,Mega Sharpedo,3,Water,Dark,Ordinary
320,Wailmer,3,Water,,Ordinary
321,Wailord,3,Water,,Ordinary
322,Numel,3,Fire,Ground,Ordinary
323,Camerupt,3,Fire,Ground,Ordinary
323,Mega Camerupt,3,Fire,Ground,Ordinary
324,Torkoal,3,Fire,,Ordinary
325,Spoink,3,Psychic,,Ordinary
326,Grumpig,3,Psychic,,Ordinary
327,Spinda,3,Normal,,Ordinary
328,Trapinch,3,Ground,,Ordinary
329,Vibrava,3,Ground,Dragon,Ordinary
330,Flygon,3,Ground,Dragon,Ordinary
331,Cacnea,3,Grass,,Ordinary
332,Cacturne,3,Grass,Dark,Ordinary
333,Swablu,3,Normal,Flying,Ordinary
334,Altaria,3,Dragon,Flying,Ordinary
334,Mega Altaria,3,Dragon,Fairy,Ordinary
335,Zangoose,3,Normal,,Ordinary
336,Seviper,3,Poison,,Ordinary
337,Lunatone,3,Rock,Psychic,Ordinary
338,Solrock,3,Rock,Psychic,Ordinary
339,Barboach,3,Water,Ground,Ordinary
340,Whiscash,3,Water,Ground,Ordinary
341,Corphish,3,Water,,Ordinary
342,Crawdaunt,3,Water,Dark,Ordinary
343,Baltoy,3,Ground,Psychic,Ordinary
344,Claydol,3,Ground,Psychic,Ordinary
345,Lileep,3,Rock,Grass,Ordinary
346,Cradily,3,Rock,Grass,Ordinary
347,Anorith,3,Rock,Bug,Ordinary
348,Armaldo,3,Rock,Bug,Ordinary
349,Feebas,3,Water,,Ordinary
350,Milotic,3,Water,,Ordinary
351,Castform,3,Normal,,Ordinary
351,Castform Sunny Form,3,Normal,,Ordinary
351,Castform Rainy Form,3,Normal,,Ordinary
351,Castform Snowy Form,3,Normal,,Ordinary
352,Kecleon,3,Normal,,Ordinary
353,Shuppet,3,Ghost,,Ordinary
354,Banette,3,Ghost,,Ordinary
354,Mega Banette,3,Ghost,,Ordinary
355,Duskull,3,Ghost,,Ordinary
356,Dusclops,3,Ghost,,Ordinary
357,Tropius,3,Grass,Flying,Ordinary
358,Chimecho,3,Psychic,,Ordinary
359,Absol,3,Dark,,Ordinary
359,Mega Absol,3,Dark,,Ordinary
360,Wynaut,3,Psychic,,Ordinary
361,Snorunt,3,Ice,,Ordinary
362,Glalie,3,Ice,,Ordinary
362,Mega Glalie,3,Ice,,Ordinary
363,Spheal,3,Ice,Water,Ordinary
364,Sealeo,3,Ice,Water,Ordinary
365,Walrein,3,Ice,Water,Ordinary
366,Clamperl,3,Water,,Ordinary
367,Huntail,3,Water,,Ordinary
368,Gorebyss,3,Water,,Ordinary
369,Relicanth,3,Water,Rock,Ordinary
370,Luvdisc,3,Water,,Ordinary
371,Bagon,3,Dragon,,Ordinary
372,Shelgon,3,Dragon,,Ordinary
373,Salamence,3,Dragon,Flying,Ordinary
373,Mega Salamence,3,Dragon,Flying,Ordinary
374,Beldum,3,Steel,Psychic,Ordinary
375,Metang,3,Steel,Psychic,Ordinary
376,Metagross,3,Steel,Psychic,Ordinary
376,Mega Metagross,3,Steel,Psychic,Ordinary
377,Regirock,3,Rock,,Semi-Legendary
378,Regice,3,Ice,,Semi-Legendary
379,Registeel,3,Steel,,Semi-Legendary
380,Latias,3,Dragon,Psychic,Semi-Legendary
380,Mega Latias,3,Dragon,Psychic,Semi-Legendary
381,Latios,3,Dragon,Psychic,Semi-Legendary
381,Mega Latios,3,Dragon,Psychic,Semi-Legendary
382,Kyogre,3,Water,,Legendary
382,Primal Kyogre,3,Water,,Legendary
383,Groudon,3,Ground,,Legendary
383,Primal Groudon,3,Ground,Fire,Legendary
384,Rayquaza,3,Dragon,Flying,Legendary
384,Mega Rayquaza,3,Dragon,Flying,Legendary
385,Jirachi,3,Steel,Psychic,Mythical
386,Deoxys,3,Psychic,,Mythical
386,Deoxys Attack Form,3,Psychic,,Mythical
386,Deoxys Defense Form,3,Psychic,,Mythical
386,Deoxys Speed Form,3,Psychic,,Mythical
387,Turtwig,4,Grass,,Ordinary
388,Grotle,4,Grass,,Ordinary
389,Torterra,4,Grass,Ground,Ordinary
390,Chimchar,4,Fire,,Ordinary
391,Monferno,4,Fire,Fighting,Ordinary
392,Infernape,4,Fire,Fighting,Ordinary
393,Piplup,4,Water,,Ordinary
394,Prinplup,4,Water,,Ordinary
395,Empoleon,4,Water,Steel,Ordinary
396,Starly,4,Normal,Flying,Ordinary
397,Staravia,4,Normal,Flying,Ordinary
398,Staraptor,4,Normal,Flying,Ordinary
399,Bidoof,4,Normal,,Ordinary
400,Bibarel,4,Normal,Water,Ordinary
401,Kricketot,4,Bug,,Ordinary
402,Kricketune,4,Bug,,Ordinary
403,Shinx,4,Electric,,Ordinary
404,Luxio,4,Electric,,Ordinary
405,Luxray,4,Electric,,Ordinary
406,Budew,4,Grass,Poison,Ordinary
407,Roserade,4,Grass,Poison,Ordinary
408,Cranidos,4,Rock,,Ordinary
409,Rampardos,4,Rock,,Ordinary
410,Shieldon,4,Rock,Steel,Ordinary
411,Bastiodon,4,Rock,Steel,Ordinary
412,Burmy Plant Form,4,Bug,,Ordinary
412,Burmy Sandy Form,4,Bug,,Ordinary
412,Burmy Trash Form,4,Bug,,Ordinary
413,Wormadam Plant Form,4,Bug,Grass,Ordinary
413,Wormadam Sandy Form,4,Bug,Ground,Ordinary
413,Wormadam Trash Form,4,Bug,Steel,Ordinary
414,Mothim,4,Bug,Flying,Ordinary
415,Combee,4,Bug,Flying,Ordinary
416,Vespiquen,4,Bug,Flying,Ordinary
417,Pachirisu,4,Electric,,Ordinary
418,Buizel,4,Water,,Ordinary
419,Floatzel,4,Water,,Ordinary
420,Cherubi,4,Grass,,Ordinary
421,Cherrim,4,Grass,,Ordinary
421,Cherrim Sunshine Form,4,Grass,,Ordinary
422,Shellos East-Sea Form,4,Water,,Ordinary
422,Shellos West-Sea Form,4,Water,,Ordinary
423,Gastrodon East-Sea Form,4,Water,Ground,Ordinary
423,Gastrodon West-Sea Form,4,Water,Ground,Ordinary
424,Ambipom,4,Normal,,Ordinary
425,Drifloon,4,Ghost,Flying,Ordinary
426,Drifblim,4,Ghost,Flying,Ordinary
427,Buneary,4,Normal,,Ordinary
428,Lopunny,4,Normal,,Ordinary
428,Mega Lopunny,4,Normal,Fighting,Ordinary
429,Mismagius,4,Ghost,,Ordinary
430,Honchkrow,4,Dark,Flying,Ordinary
431,Glameow,4,Normal,,Ordinary
432,Purugly,4,Normal,,Ordinary
433,Chingling,4,Psychic,,Ordinary
434,Stunky,4,Poison,Dark,Ordinary
435,Skuntank,4,Poison,Dark,Ordinary
436,Bronzor,4,Steel,Psychic,Ordinary
437,Bronzong,4,Steel,Psychic,Ordinary
438,Bonsly,4,Rock,,Ordinary
439,Mime Jr.,4,Psychic,Fairy,Ordinary
440,Happiny,4,Normal,,Ordinary
441,Chatot,4,Normal,Flying,Ordinary
442,Spiritomb,4,Ghost,Dark,Ordinary
443,Gible,4,Dragon,Ground,Ordinary
444,Gabite,4,Dragon,Ground,Ordinary
445,Garchomp,4,Dragon,Ground,Ordinary
445,Mega Garchomp,4,Dragon,Ground,Ordinary
446,Munchlax,4,Normal,,Ordinary
447,Riolu,4,Fighting,,Ordinary
448,Lucario,4,Fighting,Steel,Ordinary
448,Mega Lucario,4,Fighting,Steel,Ordinary
449,Hippopotas,4,Ground,,Ordinary
450,Hippowdon,4,Ground,,Ordinary
451,Skorupi,4,Poison,Bug,Ordinary
452,Drapion,4,Poison,Dark,Ordinary
453,Croagunk,4,Poison,Fighting,Ordinary
454,Toxicroak,4,Poison,Fighting,Ordinary
455,Carnivine,4,Grass,,Ordinary
456,Finneon,4,Water,,Ordinary
457,Lumineon,4,Water,,Ordinary
458,Mantyke,4,Water,Flying,Ordinary
459,Snover,4,Grass,Ice,Ordinary
460,Abomasnow,4,Grass,Ice,Ordinary
460,Mega Abomasnow,4,Grass,Ice,Ordinary
461,Weavile,4,Dark,Ice,Ordinary
462,Magnezone,4,Electric,Steel,Ordinary
463,Lickilicky,4,Normal,,Ordinary
464,Rhyperior,4,Ground,Rock,Ordinary
465,Tangrowth,4,Grass,,Ordinary
466,Electivire,4,Electric,,Ordinary
467,Magmortar,4,Fire,,Ordinary
468,Togekiss,4,Fairy,Flying,Ordinary
469,Yanmega,4,Bug,Flying,Ordinary
470,Leafeon,4,Grass,,Ordinary
471,Glaceon,4,Ice,,Ordinary
472,Gliscor,4,Ground,Flying,Ordinary
473,Mamoswine,4,Ice,Ground,Ordinary
474,Porygon-Z,4,Normal,,Ordinary
475,Gallade,4,Psychic,Fighting,Ordinary
475,Mega Gallade,4,Psychic,Fighting,Ordinary
476,Probopass,4,Rock,Steel,Ordinary
477,Dusknoir,4,Ghost,,Ordinary
478,Froslass,4,Ice,Ghost,Ordinary
479,Rotom,4,Electric,Ghost,Ordinary
479,Heat Rotom,4,Electric,Fire,Ordinary
479,Wash Rotom,4,Electric,Water,Ordinary
479,Frost Rotom,4,Electric,Ice,Ordinary
479,Fan Rotom,4,Electric,Flying,Ordinary
479,Mow Rotom,4,Electric,Grass,Ordinary
480,Uxie,4,Psychic,,Semi-Legendary
481,Mesprit,4,Psychic,,Semi-Legendary
482,Azelf,4,Psychic,,Semi-Legendary
483,Dialga,4,Steel,Dragon,Legendary
483,Dialga Origin Form,4,Steel,Dragon,Legendary
484,Palkia,4,Water,Dragon,Legendary
484,Palkia Origin Form,4,Water,Dragon,Legendary
485,Heatran,4,Fire,Steel,Semi-Legendary
486,Regigigas,4,Normal,,Semi-Legendary
487,Giratina,4,Ghost,Dragon,Legendary
487,Giratina Origin Form,4,Ghost,Dragon,Legendary
488,Cresselia,4,Psychic,,Semi-Legendary
489,Phione,4,Water,,Mythical
490,Manaphy,4,Water,,Mythical
491,Darkrai,4,Dark,,Mythical
492,Shaymin Land Form,4,Grass,,Mythical
492,Shaymin Sky Form,4,Grass,Flying,Mythical
493,Arceus,4,Normal,,Mythical
494,Victini,5,Psychic,Fire,Mythical
495,Snivy,5,Grass,,Ordinary
496,Servine,5,Grass,,Ordinary
497,Serperior,5,Grass,,Ordinary
498,Tepig,5,Fire,,Ordinary
499,Pignite,5,Fire,Fighting,Ordinary
500,Emboar,5,Fire,Fighting,Ordinary
501,Oshawott,5,Water,,Ordinary
502,Dewott,5,Water,,Ordinary
503,Samurott,5,Water,,Ordinary
503,Hisuian Samurott,8,Water,Dark,Ordinary
504,Patrat,5,Normal,,Ordinary
505,Watchog,5,Normal,,Ordinary
506,Lillipup,5,Normal,,Ordinary
507,Herdier,5,Normal,,Ordinary
508,Stoutland,5,Normal,,Ordinary
509,Purrloin,5,Dark,,Ordinary
510,Liepard,5,Dark,,Ordinary
511,Pansage,5,Grass,,Ordinary
512,Simisage,5,Grass,,Ordinary
513,Pansear,5,Fire,,Ordinary
514,Simisear,5,Fire,,Ordinary
515,Panpour,5,Water,,Ordinary
516,Simipour,5,Water,,Ordinary
517,Munna,5,Psychic,,Ordinary
518,Musharna,5,Psychic,,Ordinary
519,Pidove,5,Normal,Flying,Ordinary
520,Tranquill,5,Normal,Flying,Ordinary
521,Unfezant,5,Normal,Flying,Ordinary
522,Blitzle,5,Electric,,Ordinary
523,Zebstrika,5,Electric,,Ordinary
524,Roggenrola,5,Rock,,Ordinary
525,Boldore,5,Rock,,Ordinary
526,Gigalith,5,Rock,,Ordinary
527,Woobat,5,Psychic,Flying,Ordinary
528,Swoobat,5,Psychic,Flying,Ordinary
529,Drilbur,5,Ground,,Ordinary
530,Excadrill,5,Ground,Steel,Ordinary
531,Audino,5,Normal,,Ordinary
531,Mega Audino,5,Normal,Fairy,Ordinary
532,Timburr,5,Fighting,,Ordinary
533,Gurdurr,5,Fighting,,Ordinary
534,Conkeldurr,5,Fighting,,Ordinary
535,Tympole,5,Water,,Ordinary
536,Palpitoad,5,Water,Ground,Ordinary
537,Seismitoad,5,Water,Ground,Ordinary
538,Throh,5,Fighting,,Ordinary
539,Sawk,5,Fighting,,Ordinary
540,Sewaddle,5,Bug,Grass,Ordinary
541,Swadloon,5,Bug,Grass,Ordinary
542,Leavanny,5,Bug,Grass,Ordinary
543,Venipede,5,Bug,Poison,Ordinary
544,Whirlipede,5,Bug,Poison,Ordinary
545,Scolipede,5,Bug,Poison,Ordinary
546,Cottonee,5,Grass,Fairy,Ordinary
547,Whimsicott,5,Grass,Fairy,Ordinary
548,Petilil,5,Grass,,Ordinary
549,Lilligant,5,Grass,,Ordinary
549,Hisuian Lilligant,8,Grass,Fighting,Ordinary
550,Basculin Red Stripe,5,Water,,Ordinary
550,Basculin Blue Stripe,5,Water,,Ordinary
550,Hisuian Basculin,8,Water,,Ordinary
551,Sandile,5,Ground,Dark,Ordinary
552,Krokorok,5,Ground,Dark,Ordinary
553,Krookodile,5,Ground,Dark,Ordinary
554,Darumaka,5,Fire,,Ordinary
554,Galarian Darumaka,8,Ice,,Ordinary
555,Darmanitan,5,Fire,,Ordinary
555,Darmanitan Zen-Mode,5,Fire,Psychic,Ordinary
555,Galarian Darmanitan,8,Ice,,Ordinary
555,Galarian Darmanitan Zen-Mode,8,Ice,Fire,Ordinary
556,Maractus,5,Grass,,Ordinary
557,Dwebble,5,Bug,Rock,Ordinary
558,Crustle,5,Bug,Rock,Ordinary
559,Scraggy,5,Dark,Fighting,Ordinary
560,Scrafty,5,Dark,Fighting,Ordinary
561,Sigilyph,5,Psychic,Flying,Ordinary
562,Yamask,5,Ghost,,Ordinary
562,Galarian Yamask,8,Ground,Ghost,Ordinary
563,Cofagrigus,5,Ghost,,Ordinary
564,Tirtouga,5,Water,Rock,Ordinary
565,Carracosta,5,Water,Rock,Ordinary
566,Archen,5,Rock,Flying,Ordinary
567,Archeops,5,Rock,Flying,Ordinary
568,Trubbish,5,Poison,,Ordinary
569,Garbodor,5,Poison,,Ordinary
570,Zorua,5,Dark,,Ordinary
570,Hisuian Zorua,8,Normal,Ghost,Ordinary
571,Zoroark,5,Dark,,Ordinary
571,Hisuian Zoroark,8,Normal,Ghost,Ordinary
572,Minccino,5,Normal,,Ordinary
573,Cinccino,5,Normal,,Ordinary
574,Gothita,5,Psychic,,Ordinary
575,Gothorita,5,Psychic,,Ordinary
576,Gothitelle,5,Psychic,,Ordinary
577,Solosis,5,Psychic,,Ordinary
578,Duosion,5,Psychic,,Ordinary
579,Reuniclus,5,Psychic,,Ordinary
580,Ducklett,5,Water,Flying,Ordinary
581,Swanna,5,Water,Flying,Ordinary
582,Vanillite,5,Ice,,Ordinary
583,Vanillish,5,Ice,,Ordinary
584,Vanilluxe,5,Ice,,Ordinary
585,Deerling Spring Form,5,Normal,Grass,Ordinary
585,Deerling Summer Form,5,Normal,Grass,Ordinary
585,Deerling Autumn Form,5,Normal,Grass,Ordinary
585,Deerling Winter Form,5,Normal,Grass,Ordinary
586,Sawsbuck,5,Normal,Grass,Ordinary
587,Emolga,5,Electric,Flying,Ordinary
588,Karrablast,5,Bug,,Ordinary
589,Escavalier,5,Bug,Steel,Ordinary
590,Foongus,5,Grass,Poison,Ordinary
591,Amoonguss,5,Grass,Poison,Ordinary
592,Frillish,5,Water,Ghost,Ordinary
593,Jellicent,5,Water,Ghost,Ordinary
594,Alomomola,5,Water,,Ordinary
595,Joltik,5,Bug,Electric,Ordinary
596,Galvantula,5,Bug,Electric,Ordinary
597,Ferroseed,5,Grass,Steel,Ordinary
598,Ferrothorn,5,Grass,Steel,Ordinary
599,Klink,5,Steel,,Ordinary
600,Klang,5,Steel,,Ordinary
601,Klinklang,5,Steel,,Ordinary
602,Tynamo,5,Electric,,Ordinary
603,Eelektrik,5,Electric,,Ordinary
604,Eelektross,5,Electric,,Ordinary
605,Elgyem,5,Psychic,,Ordinary
606,Beheeyem,5,Psychic,,Ordinary
607,Litwick,5,Ghost,Fire,Ordinary
608,Lampent,5,Ghost,Fire,Ordinary
609,Chandelure,5,Ghost,Fire,Ordinary
610,Axew,5,Dragon,,Ordinary
611,Fraxure,5,Dragon,,Ordinary
612,Haxorus,5,Dragon,,Ordinary
613,Cubchoo,5,Ice,,Ordinary
614,Beartic,5,Ice,,Ordinary
615,Cryogonal,5,Ice,,Ordinary
616,Shelmet,5,Bug,,Ordinary
617,Accelgor,5,Bug,,Ordinary
618,Stunfisk,5,Ground,Electric,Ordinary
618,Galarian Stunfisk,8,Ground,Steel,Ordinary
619,Mienfoo,5,Fighting,,Ordinary
620,Mienshao,5,Fighting,,Ordinary
621,Druddigon,5,Dragon,,Ordinary
622,Golett,5,Ground,Ghost,Ordinary
623,Golurk,5,Ground,Ghost,Ordinary
624,Pawniard,5,Dark,Steel,Ordinary
625,Bisharp,5,Dark,Steel,Ordinary
626,Bouffalant,5,Normal,,Ordinary
627,Rufflet,5,Normal,Flying,Ordinary
628,Braviary,5,Normal,Flying,Ordinary
628,Hisuian Braviary,8,Psychic,Flying,Ordinary
629,Vullaby,5,Dark,Flying,Ordinary
630,Mandibuzz,5,Dark,Flying,Ordinary
631,Heatmor,5,Fire,,Ordinary
632,Durant,5,Bug,Steel,Ordinary
633,Deino,5,Dark,Dragon,Ordinary
634,Zweilous,5,Dark,Dragon,Ordinary
635,Hydreigon,5,Dark,Dragon,Ordinary
636,Larvesta,5,Bug,Fire,Ordinary
637,Volcarona,5,Bug,Fire,Ordinary
638,Cobalion,5,Steel,Fighting,Semi-Legendary
639,Terrakion,5,Rock,Fighting,Semi-Legendary
640,Virizion,5,Grass,Fighting,Semi-Legendary
641,Tornadus Incarnate Form,5,Flying,,Semi-Legendary
641,Tornadus Therian Form,5,Flying,,Semi-Legendary
642,Thundurus Incarnate Form,5,Electric,Flying,Semi-Legendary
642,Thundurus Therian Form,5,Electric,Flying,Semi-Legendary
643,Reshiram,5,Dragon,Fire,Legendary
644,Zekrom,5,Dragon,Electric,Legendary
645,Landorus Incarnate Form,5,Ground,Flying,Semi-Legendary
645,Landorus Therian Form,5,Ground,Flying,Semi-Legendary
646,Kyurem,5,Dragon,Ice,Legendary
646,White Kyurem,5,Dragon,Ice,Legendary
646,Black Kyurem,5,Dragon,Ice,Legendary
647,Keldeo Ordinary Form,5,Water,Fighting,Mythical
647,Keldeo Resolute Form,5,Water,Fighting,Mythical
648,Meloetta Aria Form,5,Normal,Psychic,Mythical
648,Meloetta Pirouette Form,5,Normal,Fighting,Mythical
649,Genesect,5,Bug,Steel,Mythical
650,Chespin,6,Grass,,Ordinary
651,Quilladin,6,Grass,,Ordinary
652,Chesnaught,6,Grass,Fighting,Ordinary
653,Fennekin,6,Fire,,Ordinary
654,Braixen,6,Fire,,Ordinary
655,Delphox,6,Fire,Psychic,Ordinary
656,Froakie,6,Water,,Ordinary
657,Frogadier,6,Water,,Ordinary
658,Greninja,6,Water,Dark,Ordinary
658,Ash Greninja,6,Water,Dark,Ordinary
659,Bunnelby,6,Normal,,Ordinary
660,Diggersby,6,Normal,Ground,Ordinary
661,Fletchling,6,Normal,Flying,Ordinary
662,Fletchinder,6,Fire,Flying,Ordinary
663,Talonflame,6,Fire,Flying,Ordinary
664,Scatterbug,6,Bug,,Ordinary
665,Spewpa,6,Bug,,Ordinary
666,Vivillon,6,Bug,Flying,Ordinary
667,Litleo,6,Fire,Normal,Ordinary
668,Pyroar,6,Fire,Normal,Ordinary
669,Flabebe,6,Fairy,,Ordinary
670,Floette,6,Fairy,,Ordinary
671,Florges,6,Fairy,,Ordinary
672,Skiddo,6,Grass,,Ordinary
673,Gogoat,6,Grass,,Ordinary
674,Pancham,6,Fighting,,Ordinary
675,Pangoro,6,Fighting,Dark,Ordinary
676,Furfrou,6,Normal,,Ordinary
677,Espurr,6,Psychic,,Ordinary
678,Meowstic Male,6,Psychic,,Ordinary
678,Meowstic Female,6,Psychic,,Ordinary
679,Honedge,6,Steel,Ghost,Ordinary
680,Doublade,6,Steel,Ghost,Ordinary
681,Aegislash Shield Form,6,Steel,Ghost,Ordinary
681,Aegislash Blade Form,6,Steel,Ghost,Ordinary
682,Spritzee,6,Fairy,,Ordinary
683,Aromatisse,6,Fairy,,Ordinary
684,Swirlix,6,Fairy,,Ordinary
685,Slurpuff,6,Fairy,,Ordinary
686,Inkay,6,Dark,Psychic,Ordinary
687,Malamar,6,Dark,Psychic,Ordinary
688,Binacle,6,Rock,Water,Ordinary
689,Barbaracle,6,Rock,Water,Ordinary
690,Skrelp,6,Poison,Water,Ordinary
691,Dragalge,6,Poison,Dragon,Ordinary
692,Clauncher,6,Water,,Ordinary
693,Clawitzer,6,Water,,Ordinary
694,Helioptile,6,Electric,Normal,Ordinary
695,Heliolisk,6,Electric,Normal,Ordinary
696,Tyrunt,6,Rock,Dragon,Ordinary
697,Tyrantrum,6,Rock,Dragon,Ordinary
698,Amaura,6,Rock,Ice,Ordinary
699,Aurorus,6,Rock,Ice,Ordinary
700,Sylveon,6,Fairy,,Ordinary
701,Hawlucha,6,Fighting,Flying,Ordinary
702,Dedenne,6,Electric,Fairy,Ordinary
703,Carbink,6,Rock,Fairy,Ordinary
704,Goomy,6,Dragon,,Ordinary
705,Sliggoo,6,Dragon,,Ordinary
705,Hisuian Sliggoo,8,Steel,Dragon,Ordinary
706,Goodra,6,Dragon,,Ordinary
706,Hisuian Goodra,8,Steel,Dragon,Ordinary
707,Klefki,6,Steel,Fairy,Ordinary
708,Phantump,6,Ghost,Grass,Ordinary
709,Trevenant,6,Ghost,Grass,Ordinary
710,Pumpkaboo Small,6,Ghost,Grass,Ordinary
710,Pumpkaboo Average,6,Ghost,Grass,Ordinary
710,Pumpkaboo Large,6,Ghost,Grass,Ordinary
710,Pumpkaboo Super,6,Ghost,Grass,Ordinary
711,Gourgeist Small,6,Ghost,Grass,Ordinary
711,Gourgeist Average,6,Ghost,Grass,Ordinary
711,Gourgeist Large,6,Ghost,Grass,Ordinary
711,Gourgeist Super,6,Ghost,Grass,Ordinary
712,Bergmite,6,Ice,,Ordinary
713,Avalugg,6,Ice,,Ordinary
713,Hisuian Avalugg,8,Ice,Rock,Ordinary
714,Noibat,6,Flying,Dragon,Ordinary
715,Noivern,6,Flying,Dragon,Ordinary
716,Xerneas,6,Fairy,,Legendary
717,Yveltal,6,Dark,Flying,Legendary
718,Zygarde 50% Form,6,Dragon,Ground,Legendary
718,Zygarde 10% Form,6,Dragon,Ground,Legendary
718,Zygarde Complete Form,6,Dragon,Ground,Legendary
719,Diancie,6,Rock,Fairy,Mythical
719,Mega Diancie,6,Rock,Fairy,Mythical
720,Confined Hoopa,6,Psychic,Ghost,Mythical
720,Unbound Hoopa,6,Psychic,Dark,Mythical
721,Volcanion,6,Fire,Water,Mythical
722,Rowlet,7,Grass,Flying,Ordinary
723,Dartrix,7,Grass,Flying,Ordinary
724,Decidueye,7,Grass,Ghost,Ordinary
724,Hisuian Decidueye,8,Grass,Fighting,Ordinary
725,Litten,7,Fire,,Ordinary
726,Torracat,7,Fire,,Ordinary
727,Incineroar,7,Fire,Dark,Ordinary
728,Popplio,7,Water,,Ordinary
729,Brionne,7,Water,,Ordinary
730,Primarina,7,Water,Fairy,Ordinary
731,Pikipek,7,Normal,Flying,Ordinary
732,Trumbeak,7,Normal,Flying,Ordinary
733,Toucannon,7,Normal,Flying,Ordinary
734,Yungoos,7,Normal,,Ordinary
735,Gumshoos,7,Normal,,Ordinary
736,Grubbin,7,Bug,,Ordinary
737,Charjabug,7,Bug,Electric,Ordinary
738,Vikavolt,7,Bug,Electric,Ordinary
739,Crabrawler,7,Fighting,,Ordinary
740,Crabominable,7,Fighting,Ice,Ordinary
741,Oricorio Baile Style,7,Fire,Flying,Ordinary
741,Oricorio Pom-Pom Style,7,Electric,Flying,Ordinary
741,Oricorio Pa'u Style,7,Psychic,Flying,Ordinary
741,Oricorio Sensu Style,7,Ghost,Flying,Ordinary
742,Cutiefly,7,Bug,Fairy,Ordinary
743,Ribombee,7,Bug,Fairy,Ordinary
744,Rockruff,7,Rock,,Ordinary
745,Lycanroc Midday Form,7,Rock,,Ordinary
745,Lycanroc Midnight Form,7,Rock,,Ordinary
745,Lycanroc Dusk Form,7,Rock,,Ordinary
746,Wishiwashi Solo Form,7,Water,,Ordinary
746,Wishiwashi School Form,7,Water,,Ordinary
747,Mareanie,7,Poison,Water,Ordinary
748,Toxapex,7,Poison,Water,Ordinary
749,Mudbray,7,Ground,,Ordinary
750,Mudsdale,7,Ground,,Ordinary
751,Dewpider,7,Water,Bug,Ordinary
752,Araquanid,7,Water,Bug,Ordinary
753,Fomantis,7,Grass,,Ordinary
754,Lurantis,7,Grass,,Ordinary
755,Morelull,7,Grass,Fairy,Ordinary
756,Shiinotic,7,Grass,Fairy,Ordinary
757,Salandit,7,Poison,Fire,Ordinary
758,Salazzle,7,Poison,Fire,Ordinary
759,Stufful,7,Normal,Fighting,Ordinary
760,Bewear,7,Normal,Fighting,Ordinary
761,Bounsweet,7,Grass,,Ordinary
762,Steenee,7,Grass,,Ordinary
763,Tsareena,7,Grass,,Ordinary
764,Comfey,7,Fairy,,Ordinary
765,Oranguru,7,Normal,Psychic,Ordinary
766,Passimian,7,Fighting,,Ordinary
767,Wimpod,7,Bug,Water,Ordinary
768,Golisopod,7,Bug,Water,Ordinary
769,Sandygast,7,Ghost,Ground,Ordinary
770,Palossand,7,Ghost,Ground,Ordinary
771,Pyukumuku,7,Water,,Ordinary
772,Type: Null,7,Normal,,Semi-Legendary
773,Silvally,7,Normal,,Semi-Legendary
774,Minior Meteor Form,7,Rock,Flying,Ordinary
774,Minior Red Core,7,Rock,Flying,Ordinary
774,Minior Orange Core,7,Rock,Flying,Ordinary
774,Minior Yellow Core,7,Rock,Flying,Ordinary
774,Minior Green Core,7,Rock,Flying,Ordinary
774,Minior Blue Core,7,Rock,Flying,Ordinary
774,Minior Indigo Core,7,Rock,Flying,Ordinary
774,Minior Purple Core,7,Rock,Flying,Ordinary
775,Komala,7,Normal,,Ordinary
776,Turtonator,7,Fire,Dragon,Ordinary
777,Togedemaru,7,Electric,Steel,Ordinary
778,Mimikyu,7,Ghost,Fairy,Ordinary
779,Bruxish,7,Water,Psychic,Ordinary
780,Drampa,7,Normal,Dragon,Ordinary
781,Dhelmise,7,Ghost,Grass,Ordinary
782,Jangmo-o,7,Dragon,,Ordinary
783,Hakamo-o,7,Dragon,Fighting,Ordinary
784,Kommo-o,7,Dragon,Fighting,Ordinary
785,Tapu Koko,7,Electric,Fairy,Semi-Legendary
786,Tapu Lele,7,Psychic,Fairy,Semi-Legendary
787,Tapu Bulu,7,Grass,Fairy,Semi-Legendary
788,Tapu Fini,7,Water,Fairy,Semi-Legendary
789,Cosmog,7,Psychic,,Legendary
790,Cosmoem,7,Psychic,,Legendary
791,Solgaleo,7,Psychic,Steel,Legendary
792,Lunala,7,Psychic,Ghost,Legendary
793,Nihilego,7,Rock,Poison,Semi-Legendary
794,Buzzwole,7,Bug,Fighting,Semi-Legendary
795,Pheromosa,7,Bug,Fighting,Semi-Legendary
796,Xurkitree,7,Electric,,Semi-Legendary
797,Celesteela,7,Steel,Flying,Semi-Legendary
798,Kartana,7,Grass,Steel,Semi-Legendary
799,Guzzlord,7,Dark,Dragon,Semi-Legendary
800,Necrozma,7,Psychic,,Legendary
800,Dusk Mane Necrozma,7,Psychic,Steel,Legendary
800,Dawn Wings Necrozma,7,Psychic,Ghost,Legendary
800,Ultra Necrozma,7,Psychic,Dragon,Legendary
801,Magearna,7,Steel,Fairy,Mythical
802,Marshadow,7,Fighting,Ghost,Mythical
803,Poipole,7,Poison,,Semi-Legendary
804,Naganadel,7,Poison,Dragon,Semi-Legendary
805,Stakataka,7,Rock,Steel,Semi-Legendary
806,Blacephalon,7,Fire,Ghost,Semi-Legendary
807,Zeraora,7,Electric,,Mythical
808,Meltan,7,Steel,,Mythical
809,Melmetal,7,Steel,,Mythical
810,Grookey,8,Grass,,Ordinary
811,Thwackey,8,Grass,,Ordinary
812,Rillaboom,8,Grass,,Ordinary
813,Scorbunny,8,Fire,,Ordinary
814,Raboot,8,Fire,,Ordinary
815,Cinderace,8,Fire,,Ordinary
816,Sobble,8,Water,,Ordinary
817,Drizzile,8,Water,,Ordinary
818,Inteleon,8,Water,,Ordinary
819,Skwovet,8,Normal,,Ordinary
820,Greedent,8,Normal,,Ordinary
821,Rookidee,8,Flying,,Ordinary
822,Corvisquire,8,Flying,,Ordinary
823,Corviknight,8,Flying,Steel,Ordinary
824,Blipbug,8,Bug,,Ordinary
825,Dottler,8,Bug,Psychic,Ordinary
826,Orbeetle,8,Bug,Psychic,Ordinary
827,Nickit,8,Dark,,Ordinary
828,Thievul,8,Dark,,Ordinary
829,Gossifleur,8,Grass,,Ordinary
830,Eldegoss,8,Grass,,Ordinary
831,Wooloo,8,Normal,,Ordinary
832,Dubwool,8,Normal,,Ordinary
833,Chewtle,8,Water,,Ordinary
834,Drednaw,8,Water,Rock,Ordinary
835,Yamper,8,Electric,,Ordinary
836,Boltund,8,Electric,,Ordinary
837,Rolycoly,8,Rock,,Ordinary
838,Carkol,8,Rock,Fire,Ordinary
839,Coalossal,8,Rock,Fire,Ordinary
840,Applin,8,Grass,Dragon,Ordinary
841,Flapple,8,Grass,Dragon,Ordinary
842,Appletun,8,Grass,Dragon,Ordinary
843,Silicobra,8,Ground,,Ordinary
844,Sandaconda,8,Ground,,Ordinary
845,Cramorant,8,Flying,Water,Ordinary
846,Arrokuda,8,Water,,Ordinary
847,Barraskewda,8,Water,,Ordinary
848,Toxel,8,Electric,Poison,Ordinary
849,Toxtricity Amped Form,8,Electric,Poison,Ordinary
849,Toxtricity Low-Key Form,8,Electric,Poison,Ordinary
850,Sizzlipede,8,Fire,Bug,Ordinary
851,Centiskorch,8,Fire,Bug,Ordinary
852,Clobbopus,8,Fighting,,Ordinary
853,Grapploct,8,Fighting,,Ordinary
854,Sinistea,8,Ghost,,Ordinary
855,Polteageist,8,Ghost,,Ordinary
856,Hatenna,8,Psychic,,Ordinary
857,Hattrem,8,Psychic,,Ordinary
858,Hatterene,8,Psychic,Fairy,Ordinary
859,Impidimp,8,Dark,Fairy,Ordinary
860,Morgrem,8,Dark,Fairy,Ordinary
861,Grimmsnarl,8,Dark,Fairy,Ordinary
862,Obstagoon,8,Dark,Normal,Ordinary
863,Perrserker,8,Steel,,Ordinary
864,Cursola,8,Ghost,,Ordinary
865,Sirfetch'd,8,Fighting,,Ordinary
866,Mr. Rime,8,Ice,Psychic,Ordinary
867,Runerigus,8,Ground,Ghost,Ordinary
868,Milcery,8,Fairy,,Ordinary
869,Alcremie,8,Fairy,,Ordinary
870,Falinks,8,Fighting,,Ordinary
871,Pincurchin,8,Electric,,Ordinary
872,Snom,8,Ice,Bug,Ordinary
873,Frosmoth,8,Ice,Bug,Ordinary
874,Stonjourner,8,Rock,,Ordinary
875,Eiscue Ice Face,8,Ice,,Ordinary
875,Eiscue Noice Face,8,Ice,,Ordinary
876,Indeedee Male,8,Psychic,Normal,Ordinary
876,Indeedee Female,8,Psychic,Normal,Ordinary
877,Morpeko Full Berry Mode,8,Electric,Dark,Ordinary
877,Morpeko Hangry Mode,8,Electric,Dark,Ordinary
878,Cufant,8,Steel,,Ordinary
879,Copperajah,8,Steel,,Ordinary
880,Dracozolt,8,Electric,Dragon,Ordinary
881,Arctozolt,8,Electric,Ice,Ordinary
882,Dracovish,8,Water,Dragon,Ordinary
883,Arctovish,8,Water,Ice,Ordinary
884,Duraludon,8,Steel,Dragon,Ordinary
885,Dreepy,8,Dragon,Ghost,Ordinary
886,Drakloak,8,Dragon,Ghost,Ordinary
887,Dragapult,8,Dragon,Ghost,Ordinary
888,Zacian Hero of Many Battles,8,Fairy,,Legendary
888,Zacian Crowned Sword,8,Fairy,Steel,Legendary
889,Zamazenta Hero of Many Battles,8,Fighting,,Legendary
889,Zamazenta Crowned Shield,8,Fighting,Steel,Legendary
890,Eternatus,8,Poison,Dragon,Legendary
890,Eternamax Eternatus,8,Poison,Dragon,Legendary
891,Kubfu,8,Fighting,,Semi-Legendary
892,Urshifu Single Strike Style,8,Fighting,Dark,Semi-Legendary
892,Urshifu Rapid Strike Style,8,Fighting,Water,Semi-Legendary
893,Zarude,8,Dark,Grass,Mythical
894,Regieleki,8,Electric,,Semi-Legendary
895,Regidrago,8,Dragon,,Semi-Legendary
896,Glastrier,8,Ice,,Semi-Legendary
897,Spectrier,8,Ghost,,Semi-Legendary
898,Calyrex,8,Psychic,Grass,Legendary
898,Calyrex Ice Rider,8,Psychic,Ice,Legendary
898,Calyrex Shadow Rider,8,Psychic,Ghost,Legendary
899,Wyrdeer,8,Normal,Psychic,Ordinary
900,Kleavor,8,Bug,Rock,Ordinary
901,Ursaluna,8,Ground,Normal,Ordinary
902,Basculegion Male,8,Water,Ghost,Ordinary
902,Basculegion Felame,8,Water,Ghost,Ordinary
903,Sneasler,8,Fighting,Poison,Ordinary
904,Overqwil,8,Dark,Poison,Ordinary
905,Enamorus Incarnate Style,8,Fairy,Flying,Semi-Legendary
905,Enamorus Therian Style,8,Fairy,Flying,Semi-Legendary
906,Sprigatito,9,Grass,,Ordinary
907,Floragato,9,Grass,,Ordinary
908,Meowscarada,9,Grass,Dark,Ordinary
909,Fuecoco,9,Fire,,Ordinary
910,Crocalor,9,Fire,,Ordinary
911,Skeledirge,9,Fire,Ghost,Ordinary
912,Quaxly,9,Water,,Ordinary
913,Quaxwell,9,Water,,Ordinary
914,Quaquaval,9,Water,Fighting,Ordinary
915,Lechonk,9,Normal,,Ordinary
916,Oinkologne,9,Normal,,Ordinary
916,Oinkologne,9,Normal,,Ordinary
917,Tarountula,9,Bug,,Ordinary
918,Spidops,9,Bug,,Ordinary
919,Nymble,9,Bug,,Ordinary
920,Lokix,9,Bug,Dark,Ordinary
921,Pawmi,9,Electric,,Ordinary
922,Pawmo,9,Electric,Fighting,Ordinary
923,Pawmot,9,Electric,Fighting,Ordinary
924,Tandemaus,9,Normal,,Ordinary
925,Maushold Family of Three,9,Normal,,Ordinary
925,Maushold Family of Four,9,Normal,,Ordinary
926,Fidough,9,Fairy,,Ordinary
927,Dachsbun,9,Fairy,,Ordinary
928,Smoliv,9,Grass,Normal,Ordinary
929,Dolliv,9,Grass,Normal,Ordinary
930,Arboliva,9,Grass,Normal,Ordinary
931,Squawkabilly Green Plumage,9,Normal,Flying,Ordinary
931,Squawkabilly Blue Plumage,9,Normal,Flying,Ordinary
931,Squawkabilly Yellow Plumage,9,Normal,Flying,Ordinary
931,Squawkabilly White Plumage,9,Normal,Flying,Ordinary
932,Nacli,9,Rock,,Ordinary
933,Naclstack,9,Rock,,Ordinary
934,Garganacl,9,Rock,,Ordinary
935,Charcadet,9,Fire,,Ordinary
936,Armarouge,9,Fire,Psychic,Ordinary
937,Ceruledge,9,Fire,Ghost,Ordinary
938,Tadbulb,9,Electric,,Ordinary
939,Bellibolt,9,Electric,,Ordinary
940,Wattrel,9,Electric,Flying,Ordinary
941,Kilowattrel,9,Electric,Flying,Ordinary
942,Maschiff,9,Dark,,Ordinary
943,Mabosstiff,9,Dark,,Ordinary
944,Shroodle,9,Poison,Normal,Ordinary
945,Grafaiai,9,Poison,Normal,Ordinary
946,Bramblin,9,Grass,Ghost,Ordinary
947,Brambleghast,9,Grass,Ghost,Ordinary
948,Toedscool,9,Ground,Grass,Ordinary
949,Toedscruel,9,Ground,Grass,Ordinary
950,Klawf,9,Rock,,Ordinary
951,Capsakid,9,Grass,,Ordinary
952,Scovillain,9,Grass,Fire,Ordinary
953,Rellor,9,Bug,,Ordinary
954,Rabsca,9,Bug,Psychic,Ordinary
955,Flittle,9,Psychic,,Ordinary
956,Espathra,9,Psychic,,Ordinary
957,Tinkatink,9,Fairy,Steel,Ordinary
958,Tinkatuff,9,Fairy,Steel,Ordinary
959,Tinkaton,9,Fairy,Steel,Ordinary
960,Wiglett,9,Water,,Ordinary
961,Wugtrio,9,Water,,Ordinary
962,Bombirdier,9,Flying,Dark,Ordinary
963,Finizen,9,Water,,Ordinary
964,Palafin Zero Form,9,Water,,Ordinary
964,Palafin Hero Form,9,Water,,Ordinary
965,Varoom,9,Steel,Poison,Ordinary
966,Revavroom,9,Steel,Poison,Ordinary
967,Cyclizar,9,Dragon,Normal,Ordinary
968,Orthworm,9,Steel,,Ordinary
969,Glimmet,9,Rock,Poison,Ordinary
970,Glimmora,9,Rock,Poison,Ordinary
971,Greavard,9,Ghost,,Ordinary
972,Houndstone,9,Ghost,,Ordinary
973,Flamigo,9,Flying,Fighting,Ordinary
974,Cetoddle,9,Ice,,Ordinary
975,Cetitan,9,Ice,,Ordinary
976,Veluza,9,Water,Psychic,Ordinary
977,Dondozo,9,Water,,Ordinary
978,Tatsugiri Curly Form,9,Dragon,Water,Ordinary
978,Tatsugiri Droopy Form,9,Dragon,Water,Ordinary
978,Tatsugiri Stretchy Form,9,Dragon,Water,Ordinary
979,Annihilape,9,Fighting,Ghost,Ordinary
980,Clodsire,9,Poison,Ground,Ordinary
981,Farigiraf,9,Normal,Psychic,Ordinary
982,Dudunsparce Two-Segment Form,9,Normal,,Ordinary
982,Dudunsparce Three-Segment Form,9,Normal,,Ordinary
983,Kingambit,9,Dark,Steel,Ordinary
984,Great Tusk,9,Ground,Fighting,Semi-Legendary
985,Scream Tail,9,Fairy,Psychic,Semi-Legendary
986,Brute Bonnet,9,Grass,Dark,Semi-Legendary
987,Flutter Mane,9,Ghost,Fairy,Semi-Legendary
988,Slither Wing,9,Bug,Fighting,Semi-Legendary
989,Sandy Shocks,9,Electric,Ground,Semi-Legendary
990,Iron Treads,9,Ground,Steel,Semi-Legendary
991,Iron Bundle,9,Ice,Water,Semi-Legendary
992,Iron Hands,9,Fighting,Electric,Semi-Legendary
993,Iron Jugulis,9,Dark,Flying,Semi-Legendary
994,Iron Moth,9,Fire,Poison,Semi-Legendary
995,Iron Thorns,9,Rock,Electric,Semi-Legendary
996,Frigibax,9,Dragon,Ice,Ordinary
997,Arctibax,9,Dragon,Ice,Ordinary
998,Baxcalibur,9,Dragon,Ice,Ordinary
999,Gimmighoul Chest Form,9,Ghost,,Ordinary
999,Gimmighoul Roaming Form,9,Ghost,,Ordinary
1000,Gholdengo,9,Steel,Ghost,Ordinary
1001,Wo-Chien,9,Dark,Grass,Semi-Legendary
1002,Chien-Pao,9,Dark,Ice,Semi-Legendary
1003,Ting-Lu,9,Dark,Ground,Semi-Legendary
1004,Chi-Yu,9,Dark,Fire,Semi-Legendary
1005,Roaring Moon,9,Dragon,Dark,Semi-Legendary
1006,Iron Valiant,9,Fairy,Fighting,Semi-Legendary
1007,Koraidon,9,Fighting,Dragon,Legendary
1008,Miraidon,9,Electric,Dragon,Legendary
1009,Walking Wake,9,Water,Dragon,Semi-Legendary
1010,Iron Leaves,9,Grass,Psychic,Semi-Legendary
